Brand,Profile,Base,Nozzle C,First layer C,Official nozzle range C,Bed C,Official bed range C,Published max print speed mm/s,MVS mm3/s,Temperature check,Bed check,Source,Notes
Inland,Inland PLA @BBL H2C,Generic PLA @base,220,225,210-230,55,25-60,200,14,PASS,PASS,https://www.microcenter.com/site/content/inland%20filament.aspx,Standard PLA; conservative H2C MVS.
Inland,Inland PLA Basic @BBL H2C,Generic PLA @base,215,220,190-230,40,35-45,300,14,PASS,PASS,https://www.microcenter.com/site/content/inland%20filament.aspx,Current Inland PLA Basic range.
Inland,Inland PLA+ @BBL H2C,Generic PLA @base,215,220,205-225,55,45-60,250,16,PASS,PASS,https://www.microcenter.com/site/content/inland%20filament.aspx,Tough/impact-resistant Inland PLA+.
Inland,Inland PLA+ High Speed @BBL H2C,Generic PLA @base,220,225,205-225,55,45-60,300,24,PASS,PASS,https://www.microcenter.com/site/content/inland%20filament.aspx,High-speed line; MVS intentionally conservative.
Inland,Inland PLA-CF @BBL H2C,Generic PLA @base,220,225,190-230,55,45-60,300,10,PASS,PASS,https://www.microcenter.com/site/content/inland%20filament.aspx,Abrasive; 0.6/0.8 H2C profile only.
Inland,Inland PETG @BBL H2C,Generic PETG @base,250,255,230-260,75,70-80,100,12,PASS,PASS,https://www.microcenter.com/site/content/inland%20filament.aspx,Standard PETG.
Inland,Inland PETG+ @BBL H2C,Generic PETG @base,245,250,230-250,80,75-90,100,12,PASS,PASS,https://www.microcenter.com/site/content/inland%20filament.aspx,PETG+ toughness profile.
Inland,Inland PETG+ High Speed @BBL H2C,Generic PETG @base,245,250,230-250,80,75-90,300,18,PASS,PASS,https://www.microcenter.com/site/content/inland%20filament.aspx,High-speed line; MVS intentionally conservative.
Inland,Inland TPU 95A @BBL H2C,Generic TPU @base,235,240,220-250,50,45-60,50,3.2,PASS,PASS,https://www.microcenter.com/site/content/inland%20filament.aspx,Flexible material; conservative flow.
